{
  "target_color_bgr": [
    62,
    27,
    126
  ],
  "target_color_hsv": [
    169,
    200,
    126
  ],
  "adaptive_hsv_ranges": {
    "lower": [
      149.06545454545454,
      128.08977716259025,
      46.69499999999999
    ],
    "upper": [
      180.0,
      255.0,
      206.695
    ],
    "lower2": [
      0.0,
      128.08977716259025,
      46.69499999999999
    ],
    "upper2": [
      9.065454545454543,
      255.0,
      206.695
    ]
  },
  "color_tolerance": 40,
  "hue_tolerance": 20,
  "saturation_tolerance": 60,
  "value_tolerance": 80
}