{
  "target_color_bgr": [
    57,
    23,
    132
  ],
  "target_color_hsv": [
    170,
    209,
    132
  ],
  "adaptive_hsv_ranges": {
    "lower": [
      150.18279411764706,
      139.07179273977422,
      52.30191176470589
    ],
    "upper": [
      180.0,
      255.0,
      212.3019117647059
    ],
    "lower2": [
      0.0,
      139.07179273977422,
      52.30191176470589
    ],
    "upper2": [
      10.182794117647063,
      255.0,
      212.3019117647059
    ]
  },
  "color_tolerance": 40,
  "hue_tolerance": 20,
  "saturation_tolerance": 60,
  "value_tolerance": 80
}